{
    "loss": 0.6669191122055054,
    "accuracy": 0.931034505367279
}